Filename,Title
اجرای احکام و مجازات‌های حکومتی.txt,اجرای احکام و مجازات‌های حکومتی
اصلاحیه قانون حفظ کاربری اراضی کشاورزی و باغ‌ها.txt,اصلاحیه قانون حفظ کاربری اراضی کشاورزی و باغ‌ها
تعزیرات حکومتی، بهداشت و درمان.txt,تعزیرات حکومتی، بهداشت و درمان
حقوق جزا.txt,حقوق جزا
قانون آئین دادرسی مدنی فرانسه.txt,قانون آئین دادرسی مدنی فرانسه
قانون آیین دادرسی مدنی.txt,قانون آیین دادرسی مدنی
قانون آیین دادرسی کیفری.txt,قانون آیین دادرسی کیفری
قانون اجرای احکام مدنی.txt,قانون اجرای احکام مدنی
قانون اساسی فرانسه.txt,قانون اساسی فرانسه
قانون اصلاح و لغو برخی از مواد قانون جلوگیری از تصرفات عدوانی.txt,قانون اصلاح و لغو برخی از مواد قانون جلوگیری از تصرفات عدوانی
قانون الزام ثبت رسمی معاملات املاک و مستغلات.txt,قانون الزام ثبت رسمی معاملات املاک و مستغلات
قانون تجارت فرانسه به انگلیسی.txt,قانون تجارت فرانسه به انگلیسی
قانون تجارت فرانسه.txt,قانون تجارت فرانسه
قانون تجارت.txt,قانون تجارت
قانون تشکیلات و آیین دادرسی دیوان عدالت اداری.txt,قانون تشکیلات و آیین دادرسی دیوان عدالت اداری
قانون تعزیرات حکومتی.txt,قانون تعزیرات حکومتی
قانون حفظ کاربری اراضی کشاورزی و باغ‌ها.txt,قانون حفظ کاربری اراضی کشاورزی و باغ‌ها
قانون شوراهای حل اختلاف.txt,قانون شوراهای حل اختلاف
قانون مدنی روسیه.txt,قانون مدنی روسیه
قانون مدنی فرانسه به انگلیسی.txt,قانون مدنی فرانسه به انگلیسی
قانون مدنی.txt,قانون مدنی
قانون نحوه اجرای محکومیت‌های مالی.txt,قانون نحوه اجرای محکومیت‌های مالی
قانون نحوه اعمال تعزیرات حکومتی در خصوص قاچاق کالا و ارز.txt,قانون نحوه اعمال تعزیرات حکومتی در خصوص قاچاق کالا و ارز
لایحه اصلاح قسمتی از قانون تجارت.txt,لایحه اصلاح قسمتی از قانون تجارت
مقررات مربوط به نحوه استفاده از سیستم‌های کامپیوتری یا مخابراتی.txt,مقررات مربوط به نحوه استفاده از سیستم‌های کامپیوتری یا مخابراتی
کتاب پنجم قانون مجازات اسلامی (تعزیرات و مجازات‌های بازدارنده).txt,کتاب پنجم قانون مجازات اسلامی (تعزیرات و مجازات‌های بازدارنده)
